,name,details,ingredients
0,Krave - Kale Lalu Yaha - 200ml,"Skin Type: Combination, Dry, Normal, Oily


Skin Concern: Acne, Anti-aging/ Wrinkles",[]
1,BEAUTY OF JOSEON - Apricot Peeling Gel - 120ml,"Cruelty Free: Yes


Product Unit: 120ml


Skin Type: Combination, Dry, Normal, Oily


Skin Concern: Anti-aging/ Wrinkles, Dullness / Radiance, Irritation/ Calming, Oil Control/ Pores",[]
2,iUNIK - Lime Moisture Mild Peeling Gel - 120g,"Exfoliator Type: Chemical


Skin Type: Combination, Dry, Normal, Oily, Sensitive


Skin Concern: Dryness/ Hydration, Whitening","Water, Glycerin, Steartrimonium Methosulfate, Acrylates/C10-30 Alkyl Acrylate Crosspolymer, Butylene Glycol, 1,2-Hexanediol, Citrus Aurantifolia (Lime) Fruit Extract, Vitis Vinifera (Grape) Fruit Extract, Citrus Aurantium Dulcis (Orange) Fruit Extract, Pyrus Malus (Apple) Fruit Extract, Citrus Limon (Lemon) Fruit Extract, Caprylyl Glycol,Allantoin, Hydrolyzed Collagen, Polyglyceryl-4 Caprate, Centella Asiatica Extract, Polygonum Cuspidatum Root Extract, Scutellaria Baicalensis Root Extract, Camellia Sinensis Leaf Extract, Glycyrrhiza Glabra (Licorice) Root Extract, Chamomilla Recutita(Matricaria) Flower Extract, Rosmarinus Officinalis (Rosemary) Leaf Extract, Ethylhexylglycerin, Dipotassium Glycyrrhizate, Lavandula Angustifolia (Lavender) Oil, Pentylene Glycol ,Aspalathus Linearis Extract"
3,SOME BY MI - Yuja Niacin Brightening Peeling Gel - 120ml,"Skin Type: Combination, Dry, Normal, Oily, Sensitive


Skin Concern: Blackheads, Dryness/ Hydration, Dullness / Radiance, Irritation/ Calming, Oil Control/ Pores",[]
4,Sioris - My Soft Grain Scrub - 45g,"Cruelty Free: Yes


Product Unit: 45g


Skin Type: Combination, Dry, Normal, Oily


Skin Concern: Dullness / Radiance",[]
5,Isntree - Clear Skin AB Peeling Pads - 1pack (70pcs),"Cruelty Free: Yes


Product Unit: 70pc


Skin Type: Combination, Dry, Normal, Oily


Skin Concern: Dryness/ Hydration, Dullness / Radiance, Irritation/ Calming",[]
6,PUREDERM - Pyramid Shaped Black Sugar Facial Scrub - Cacao - 20g,"Skin Type: Combination, Dry, Normal, Oily


Skin Concern: Blackheads, Oil Control/ Pores","Propylene Glycol, Sucrose, Glycerin, Honey Extract, Prunus Armeniaca (Apricot) Kernel Oil, Olea Europaea (Olive) Fruit Oil, Citrus Limon (Lemon) Fruit Extract, Acer Saccharum (Sugar Maple) Extract, Vaccinium Myrtillus Fruit/Leaf Extract, Saccharum Officinarum (Sugarcane) Extract, Citrus Aurantium Dulcis (Orange) Fruit Extract, Trehalose, Betaine, Theobroma Cacao (Cocoa) Extract, Dextrin, Charcoal Powder, Carbomer, Triethanolamine, Chlorphenesin, Fragrance(Parfum), Coumarin"
7,SKINFOOD - Black Sugar Perfect Scrub Foam - 180g,"Cruelty Free: Yes


Product Unit: 180g


Skin Type: Combination, Dry, Normal, Oily


Skin Concern: Dryness/ Hydration, Dullness / Radiance","Sucrose, Water, Sodium Cocoyl Glutamate, Peg-150, Black Sugar Extract, Peg-32, Sodium Cocoyl Glycinate, Glycerin, Trehalose, Betaine, Butylene Glycol, Sorbitol, Sodium Pca, Dimethicone, Phenoxyethanol, Ethylhexylglycerin, Fragrance, Caramel, Disodium Edta, Threonine, Arginine, Glycine, Hydrogenated Lecithin, Pyrus Malus (Apple) Fruit Extract, Citrus Limon (Lemon) Fruit Extract, Citrus Aurantium Dulcis (Orange) Fruit Extract, Carica Papaya (Papaya) Fruit Extract, Alanine, Lysine, Alcohol Denat., Glutamic Acid, Proline, Serine, Tocopheryl Acetate, Ceramide Np, 1,2-Hexanediol, Sarcodon Aspratus Extract, Rice Ferment Filtrate (Sake), Lepidium Meyenii Root Extract, Cholesterol"
8,G9SKIN - Grapefruit Vita Peeling Gel,"Exfoliator Type: Physical


Product Unit: 150ml


Skin Type: Combination, Dry, Normal, Oily, Sensitive


Skin Concern: Blackheads, Sun Damage",[]
9,Secret Key -Lemon Sparkling Peeling Gel,"Exfoliator Type: Chemical


Skin Type: Sensitive


Skin Concern: Blackheads, Irritation/ Calming, Oil Control/ Pores, Sun Damage, Whitening","Purified Water, Cetrimonium Chloride, Cellulose, Proplene Glycol, Zanthoxylum Piperitum Fruit Extract, Pasqueflower Extract, Usnea Extract, Carbomer, Polysorbate 80, Lemon Water, Lemon Extract, Sparkling Water, Green Tea Water, Hollyhock Extract, Aloe Vera Leaf Extract, Witch Hazel Extract, Centella Extract, Papaya Extract, Hydrolized Collagen, Sodium Hyaluronate, Rice Extract, Brown Algae Extract, Broccolie Extract, Portulaca Extract, Camomile Extract, 1, 2-hexandiol, Disodium EDTA, Perfume"
10,THANK YOU FARMER - Back To Iceland Peeling Cream,"Cruelty Free: Yes


Exfoliator Type: Physical


Skin Type: Combination, Dry, Normal, Oily",[]
11,Haruharu WONDER - Black Rice Soft Peeling Gel - 100ml,"Skin Type: Combination, Dry, Normal, Oily","Water, Propanediol, Alcohol, Betaine, Cellulose, Algin, Glycerin, Oryza Sativa (Rice) Extract, Phyllostachys Pubescens Shoot Bark Extract, Panax Ginseng Root Extract, Cyclodextrin, Aspergillus Ferment, Usnea Barbata (Lichen) Extract, Zanthoxylum Piperitum Fruit Extract, Pulsatilla Koreana Extract, Butylene Glycol, 1,2-Hexanediol, Polyglyceryl-10 Laurate, Polyglyceryl-10 Myristate, Lavandula Angustifolia (Lavender) Oil"
12,Farm Stay - Dr-V8 Vitamin Brightening Peeling Gel -150ml,"Product Unit: 150ml


Skin Type: Combination, Dry, Normal, Oily


Skin Concern: Dryness/ Hydration, Dullness / Radiance, Oil Control/ Pores, Uneven Skin Tone, Whitening",[]
13,RiRe - All Kill Refresh Peeling Gel,"Skin Type: Combination, Dry, Normal, Oily


Skin Concern: Blackheads, Dullness / Radiance, Oil Control/ Pores",[]
14,NEOGEN Dermalogy - Wine Lift PHA Gauze Peeling - 190ml / 30ea,"Cruelty Free: Yes


Skin Type: Combination, Dry, Normal, Oily


Skin Concern: Anti-aging/ Wrinkles, Dryness/ Hydration, Dullness / Radiance, Irritation/ Calming",[]
15,make p:rem - Rice Biome Bubble Peeling - 190ml,"Cruelty Free: Yes


Skin Type: Combination, Dry, Normal, Oily, Sensitive


Skin Concern: Dullness / Radiance, Oil Control/ Pores",[]
16,Secret Key - Lemon Sparkling Peeling Pad,"Skin Type: Combination, Dry, Normal, Oily


Skin Concern: Blackheads, Dullness / Radiance",[]
17,9wishes - Rice Powder Polish - 100ml,"Exfoliator Type: Physical


Product Unit: 100ml


Skin Type: Combination, Dry, Normal, Oily


Skin Concern: Blackheads, Dryness/ Hydration, Oil Control/ Pores",[]
18,MILKYDRESS - Oasis Peeling Gel - 100ml,"Skin Type: Combination, Dry, Normal, Oily


Skin Concern: Oil Control/ Pores",[]
19,SKINFOOD - Rice Daily Brightening Scrub Foam - 150ml,"Cruelty Free: Yes


Exfoliator Type: Physical


Skin Type: Combination, Dry, Normal, Oily


Skin Concern: Dullness / Radiance","Water, Myristic Acid, Glycerin, Stearic Acid, Potassium Hydroxide, Sucrose, Hydrated Silica, Lauric Acid, Lauryl Betaine, Olea Europaea (Olive) Fruit Oil, Oryza Sativa (Rice) Bran Water, Glyceryl Stearate Se, Sodium Chloride, Cetearyl Olivate, Polyglyceryl-10 Laurate, Oryza Sativa (Rice) Powder, Laureth-1 Phosphate, Sorbitan Olivate, Panthenol, Oryza Sativa (Rice) Extract, Peg-14M, Lauryl Phosphate, Dipropylene Glycol, Disodium Edta, Butylene Glycol, Aspergillus Ferment, 1, 2-Hexanediol, Fragrance"
20,Hanskin - Bio Prism Brightening Gommage Peeling Gel - 100ml,"Cruelty Free: Yes


Product Unit: 100ml


Skin Type: Combination, Dry, Normal, Oily


Skin Concern: Dryness/ Hydration, Dullness / Radiance",[]
21,SKINFOOD - Pineapple Peeling Gel - 100ml,"Cruelty Free: Yes


Skin Type: Combination, Dry, Normal, Oily


Skin Concern: Anti-aging/ Wrinkles, Oil Control/ Pores","Water, Cellulose, Butylene Glycol, Alcohol Denat., Ananas Sativus (Pineapple) Fruit Extract, Panthenol, Carbomer, Triethanolamine, Pyrus Malus (Apple) Fruit Extract, Aloe Barbadensis Leaf Extract, Ppg-26-Buteth-26, Peg-40 Hydrogenated Castor Oil, Allantoin, Portulaca Oleracea Extract, Disodium Edta, Glycerin, Sodium Lactate, Glycolic Acid, Sucrose, Urea, Sodium Citrate, Malic Acid, Tartaric Acid, Fragrance, Methylparaben, Propylparaben, Fd&C Yellow No.5(Ci 19140)"
22,SCINIC - Face Peelter Crystal Peeling - 80ml,"Product Unit: 80ml


Skin Type: Combination, Dry, Normal, Oily


Skin Concern: Oil Control/ Pores, Uneven Skin Tone, Whitening",[]
23,The ORCHID Skin - Orchid Flower Apple Soft Peeling Gel - 120ml,"Cruelty Free: Yes


Exfoliator Type: Physical


Skin Type: Combination, Dry, Normal, Oily


Skin Concern: Dryness/ Hydration, Dullness / Radiance, Irritation/ Calming, Whitening","1 Water,2 Cellulose,3 Dipropylene Glycol,4 Butylene Glycol,5 1,2-Hexanediol,6 PEG-60 Hydrogenated Castor Oil,7 Tromethamine,8 Carbomer,9 Chlorphenesin,10 Acrylates/C10-30 Alkyl Acrylate Crosspolymer,11 Fragrance,12 Disodium EDTA,13 Polyquaternium-51,14 Panthenol,15 Aloe Barbadensis Leaf Extract,16 Gluconolactone,17 Oryza Sativa (Rice) Hull Powder,18 Pyrus Malus (Apple) Fruit Extract,19 Albumen Extract,20 Adansonia Digitata Seed Extract,21 Camellia Sinensis Leaf Extract,22 Centella Asiatica Extract,23 Hamamelis Virginiana (Witch Hazel) Leaf Extract,24 Mentha Piperita (Peppermint) Leaf Extract,25 Vanilla Planifolia Fruit Extract,26 Ethylhexylglycerin,27 Phenoxvethanol"
24,SWANICOCO - Black Sugar Gommage Peeling Gel - 100ml,"Skin Type: Combination, Dry, Normal, Oily, Sensitive


Skin Concern: Dryness/ Hydration, Oil Control/ Pores",[]
25,Farm Stay - Collagen Water Full Moist Peeling Gel,"Exfoliator Type: Chemical


Skin Type: Combination, Dry, Normal, Oily


Skin Concern: Blackheads, Dryness/ Hydration","water, glycerin, steartrimonum methosulfate, propylene glycol, carbomer, celulose, polysorbale 80, hyorolyzed collagen, hamamelis extract, camelia sinensis leal extract, rosa centiola flower water, allanton, triethanolamine, disodum EDTA, phenoxyethanol, fragrance"
26,Ciracle - Skin Renewal Home Peeling Pads -70ml+35pcs,"Skin Type: Combination, Dry, Normal, Oily


Skin Concern: Anti-aging/ Wrinkles, Dryness/ Hydration, Irritation/ Calming",[]
27,BONAJOUR - Green Tea AHA Peeling Gel - 150ml,"Skin Type: Combination, Dry, Normal, Oily


Skin Concern: Oil Control/ Pores","Water, Cellulose, Glycerin, Butylene Glycol, Ethanol, Steartrimonium Methosulfate, Camellia Sinensis Leaf Extract, Vitis Vinifera (Grape) Fruit Extract, Citrus Aurantium Dulcis (Orange) Fruit Extract, Pyrus Malus (Apple) Fruit Extract, Citrus Limon (Lemon) Fruit Extract, Citrus Aurantifolia (Lime) Fruit Extract, Carbomer, Acrylates/C10-30 Alkyl Acrylate Crosspolymer, Betaine, Sodium Hyaluronate, Sodium Cocoyl Apple Amino Acids, Zanthoxylum Piperitum Fruit Extract, Pulsatilla Koreana Extract, Usnea Barbata (Lichen) Extract, Microcrystalline Cellulose, Malic Acid, Hexylene Glycol, 1,2-Hexanediol, PEG-60 Hydrogenated Castor Oil, Fragrance, Isopropyl Alcohol, Chlorphenesin"
28,TOSOWOONG - Black Sugar Facial Scrub,"Cruelty Free: Yes


Exfoliator Type: Physical


Product Unit: 100ml


Skin Type: Combination, Dry, Normal, Oily, Sensitive


Skin Concern: Acne, Sun Damage, Uneven Skin Tone",[]
29,9wishes - Rice Powder Polish - 5g*1ea,"Exfoliator Type: Chemical


Skin Type: Combination, Dry, Normal, Oily, Sensitive


Skin Concern: Blackheads","Canola Oil,Oryza Sat. (Rice) Powder,PEG-20 Glyceryl triisostearate,Euphorbia Cerifera (Candelilla) wax,Silica,Mi-crocrystallineWax,1,2-Hexanediol,Macadamia Ternifolia Seed Oil,Simmondsia Chinensis(Jojoba) Seed Oil,Cetyl Ethyl hexanoate,Caprylyl Glycol,Argania Spinosa Kernel 0i1,Ethylhexylglycerin,Butylene Glycol,Water,Lactobacillus/Soy bean Ferment Extract,Salix Alba (Willow) Bark Extract,Origanum Vulgare Leaf Extract,Portulaca Oleracea Extract,Cha maecyparis Obtusa Leaf Extract,Scutellaria Baicalensis Root Extract,Cinnamomum Cassia Bark Extract,Oryza Sativa (Rice) Bran Water,Oryza Sativa (Rice) Bran Extract,Saccharomyces/Rice Bran Ferment,Pentylene Glycol,Aspalathus Linearis Extract,Glycyrrhiza Glabra (Licorice) Root Extract,Commiphora Myrrha Resin Extract,Perilla Frutescens Leaf Extract,Yucca Schidigera Root Extract,Fragrance"
30,SKINFOOD - Black Sugar Perfect Essential Scrub 2X - 210g,"Cruelty Free: Yes


Product Unit: 210g


Skin Type: Combination, Dry, Normal, Oily


Skin Concern: Dryness/ Hydration, Oil Control/ Pores","Sucrose (76,660.5 mg), Glycerin, PEG-7 Glyceryl Cocoate, Macadamia Ternifolia Seed Oil, Euphorbia Cerifera (Candelilla) Wax, Caprylic/Capric Triglyceride, Cetyl Ethylhexanoate, Lanolin, Stearalkonium Hectorite, Limnanthes Alba (Meadowfoam) Seed Oil, Butyrospermum Parkii (Shea) Butter, Water, Sorbitan Laurate, Caramel, Ethylhexylglycerin, Butylene Glycol, Oenothera Biennis (Evening Primrose) Oil, Olea Europaea (Olive) Fruit Oil, Camellia Oleifera Seed Oil, Simmondsia Chinensis (Jojoba) Seed Oil, Black Sugar Extract (210 mg), Rice Ferment Filtrate (Sake), Citrus Limon (Lemon) Fruit Extract, Pyrus Malus (Apple) Fruit Extract, Citrus Aurantium Dulcis (Orange) Fruit Extract, Carica Papaya (Papaya) Fruit Extract, Lepidium Meyenii Root Extract, Sarcodon Aspratus Extract, 1,2-Hexanediol, Phenoxyethanol, Fragrance"
31,TIA'M - Berry Very Soft Peeling Gel - 120g,"Cruelty Free: Yes


Skin Type: Combination, Dry, Normal, Oily


Skin Concern: Dryness/ Hydration, Uneven Skin Tone","Water,Cellulose,Dipropylene Glycol,Alcohol,Vaccinium Angustifolium (Blueberry) Fruit Extract,Rubus Fruticosus (Blackberry) Fruit Extract,Euterpe Oleracea Fruit Extract,Rubus Idaeus (Raspberry) Fruit Extract,Fragaria Chiloensis (Strawberry) Fruit Extract,Vaccinium Myrtillus Fruit Extract,Vaccinium Macrocarpon (Cranberry) Fruit Extract,Aronia Melanocarpa Fruit Extract,Camellia Sinensis Leaf Extract,Sodium Hyaluronate,Hydrolyzed Collagen,Butylene Glycol,Allantoin,Glycerin,Carbomer,Tromethamine,Citric Acid,Methylpropanediol,Laurylpyridinium Chloride,Disodium EDTA,1,2-Hexanediol"
32,PESTLO - Spicule Re-born Peeling Mask - 120g,"Skin Type: Combination, Dry, Normal, Oily


Skin Concern: Dryness/ Hydration, Dullness / Radiance, Oil Control/ Pores",[]
33,Ciracle - Pore Control Daily Wash Peeling Gel -100ml,"Skin Type: Combination, Dry, Normal, Oily


Skin Concern: Acne",[]
34,Farm Stay - All In One Whitening Peeling Gel,"Skin Concern: Blackheads, Oil Control/ Pores","Water, Alcohol, propylene glycol, Cellulose, Carbomer, Cetrimonium chloride, Peg-60 hydrogenated castor oil, Phenoxyethanol, Methylparaben, Glycolic Acid/ Lactic Acid/ Citric Acid, Actinidia Chinensis (Kiwi) Fruit Extract (180mg), Aloe Barbadensis Leaf Extract, Lavandula Angustifolia (Lavender) Extract, Rosmarinus Officinalis (Rosemary extract, Camellia Sinensis Leaf Extract, CI 19140, CI 42090, Benzophenone-9, Perfume."
35,Faith in Face - AHA peel so good peeling gel -125g,"Skin Type: Combination, Dry, Normal, Oily


Skin Concern: Acne, Anti-aging/ Wrinkles",[]
36,NEOGEN Dermalogy - Green Tea Moist PHA Gauze Peeling - 190ml / 30ea,"Cruelty Free: Yes


Skin Type: Combination, Dry, Normal, Oily


Skin Concern: Anti-aging/ Wrinkles, Dryness/ Hydration, Dullness / Radiance, Irritation/ Calming",[]
37,Dr.G - Brightening Peeling Gel - 10g,"Skin Type: Combination, Dry, Normal, Oily


Skin Concern: Blackheads","Water, Cellulose, Dipropylene Glycol, Trehalose, Fornes Officinalis (Mushroom) Extract, Althaea Rosea Flower Extract, Pollen Extract, Glycine Soja (Soybean) Oil Unsaponifiables, Olea Europaea (Olive) Oil Unsaponifiables, Triticum Vulgare (Wheat) Germ Oil Unsaponifiables, Adansonia Digitata Seed Extract, Diospyros Kaki Leaf Extract, Rhus Semialata Gall Extract, Betula Platyphylla Japonica Bark Extract, Honey Extract, Glycyrrhiza Glabra (Licorice) Root Extract, Salix Nigra (Willow) Bark Extract, Ascorbyl Glucoside, Glyceryl Caprylate, Caprylyl Glycol, Oleth-10, Allantoin, Acrylates/C10-30 Alkyl Acrylate Crosspolymer, Melaleuca Alternifolia (Tea Tree) Leaf Oil, Arginine, Disodium EDTA"
38,ByWishtrend - Mandelic Acid 5% Skin Prep Water - 120ml,Cruelty Free: Yes,"Water, Mandelic Acid, Butylene Glycol, Beta-Glucan, Panthenol, Glycyrrhiza Glabra (Licorice) Root Extract, Prunus Amygdalus Dulcis (Sweet Almond) Fruit Extract, Sodium Hyaluronate, Sorbitan Sesquioleate, Centella Asiatica Extract, Houttuynia Cordata Extract, Sorbitol, Dimethyl Sulfone, Chlorphenesin, Sodium Citrate, Arginine, PEG-60 Hydrogenated Castor Oil, Ethylhexylglycerin, Natto Gum, Carbomer"
39,MIZON - Vita Lemon Sparkling Peeling Gel - 150g,"Cruelty Free: Yes


Skin Type: Combination, Dry, Normal, Oily


Skin Concern: Blackheads, Oil Control/ Pores",[]
40,Cure - Natural Aqua Gel,"Product Unit: 250ml


Skin Type: Combination, Dry, Normal, Oily, Sensitive


Skin Concern: Dark Circles, Dryness/ Hydration, Sun Damage","Water, glycerin, acrylates/C-10-30 alkyl acrylate crosspolymer, discoocodimonium chloride, steartrimonium bromide, aloe barbadenis leaf extract, ginkgo bilboa extract, rosmarinus officinalis (rosemary) leaf extract, butylene glycol."
41,The Face Shop - Jeju Volcanic Lava Deep Pore Cleansing Foam Scrub - 140ml,"Skin Type: Combination, Dry, Normal, Oily


Skin Concern: Dryness/ Hydration",[]
42,APRILSKIN - Real Calendula Peel Off Pack - 100g,"Cruelty Free: Yes


Product Unit: 100g


Skin Type: Combination, Dry, Normal, Oily


Skin Concern: Blackheads, Dryness/ Hydration, Irritation/ Calming, Oil Control/ Pores, Uneven Skin Tone","Water, Polyvinyl Alcohol, Alcohol, Dipropylene Glycol, 1,2-Hexanediol, Polysorbate 80, Calendula Officinalis Flower, Xanthan Gum, Citrus Aurantium Dulcis (Orange) Peel Oil, Lavandula Angustifolia (Lavender) Oil, Disodium EDTA, Juniperus Mexicana Oil, Amyris Balsamifera Bark Oil, Salvia Sclarea (Clary) Oil, Calendula Officinalis Flower Extract, Butylene Glycol, Caprylic/Capric Triglyceride, Calendula Officinalis Flower Oil, Lavandula Angustifolia (Lavender) Extract, Borago Officinalis Extract, Centaurea Cyanus Flower Extract, Chamomilla Recutita (Matricaria) Flower/Leaf Extract"
43,NEOGEN Dermalogy - Lemon Bright PHA Gauze Peeling - 190ml / 30ea,"Cruelty Free: Yes


Skin Type: Combination, Dry, Normal, Oily


Skin Concern: Anti-aging/ Wrinkles, Dryness/ Hydration, Dullness / Radiance, Irritation/ Calming",[]
44,NEOGEN Dermalogy - Bio-Peel Gauze Peeling Pads,"Cruelty Free: Yes


Exfoliator Type: Chemical


Product Unit: 30pc


Skin Type: Combination, Dry, Normal, Oily


Skin Concern: Acne, Blackheads, Irritation/ Calming, Oil Control/ Pores, Sun Damage, Uneven Skin Tone","Water (Aqua), Butylene Glycol, Glycerin, Wine Extract Alcohol Denat., PEG/PPG-17/6 Copolymer, Benzophenone-5, 1,2-Hexanediol, Sodium Hyaluronate, Chamomilla Recutita (Matricaria) Extract, Vaccinium Angustifolium (Blueberry) Fruit Extract, Rubus Idaeus (Raspberry) Fruit Extract, Vaccinium Angustifolium (Blueberry) Fruit Extract, Coptis Japonica Extract, Tartaric Acid, Glycolic Acid, Lactic Acid, CI 15985, CI 17200, CI 42090, Carbomer, PEG-60 Hydrogenated Castor Oil, Phenoxyethanol, Ethylhexylglycerin, Disodium EDTA, Fragrance (Parfum)"
45,The Face Shop - Smart Peeling Mild Papaya,"Skin Type: Combination, Dry, Normal, Oily, Sensitive


Skin Concern: Dryness/ Hydration, Irritation/ Calming","Water/Eau, Butylene Glycol, Peg-8, Steartrimonium Methosulfate, Acrylates/C10-30 Alkyl Acrylate Crosspolymer, Sodium Hyaluronate, Triethylhexanoin, Cetrimonium Chloride, Papin, Isopropyl Alcohol, Parfum/Fragrance"
46,brilliant colors - MEISHOKU - DETCLEAR Bright & Peel Fruits Peeling Jelly - 180ml,"Product Unit: 180ml


Skin Type: Combination, Dry, Normal, Oily


Skin Concern: Dryness/ Hydration, Dullness / Radiance, Oil Control/ Pores",[]
47,Etude House - Baking Powder Crunch Pore Scrub - 200g,"Exfoliator Type: Physical


Product Unit: 200g


Skin Type: Combination, Dry, Normal, Oily


Skin Concern: Blackheads, Oil Control/ Pores",[]
48,Benton - PHA Peeling Gel - 70ml,"Cruelty Free: Yes


Skin Type: Combination, Dry, Normal, Oily


Skin Concern: Dryness/ Hydration, Dullness / Radiance, Irritation/ Calming, Uneven Skin Tone",[]
49,Dr.G - Brightening Peeling Gel,"Skin Type: Combination, Dry, Normal, Oily, Sensitive


Skin Concern: Blackheads, Dullness / Radiance, Oil Control/ Pores",[]
50,aromatica - Rosemary Scalp Scrub - 165g,"Cruelty Free: Yes


Exfoliator Type: Physical


Skin Type: Sensitive","Sea salt(Israel Dead sea salt), Sodium chloride(Edible salts), Sodium methyl cocoyl taurate(Coconut-derived cleanser), Rosmarinus officinalis leaf extract, Pinus densiflora leaf extract, Zingiber officinale root extract, Lauryl betaine(Plant-derived cleanser), Lauramidopropyl betaine(Plant-derived cleanser), Glycerin(Plant-derived moisturizer), Butylene glycol(Moisturizer), Eclipta prostrata extract, Ocimum basilicum extract, Coriandrum sativum extract, Origanum vulgare leaf extract, *Pelargonium graveolens oil(Rose geranium oil), *Rosmarinus officinalis leaf oil, *Styrax benzoin gum(Benzoin oil), *Mentha viridis leaf oil, *Citrus aurantium dulcis (orange) peel oil, Xanthan gum(Protein fermentation moisturizing/thickening agent), Guar hydroxypropyltrimonium chloride(Guar-derived hair emollient), Propanediol(Plant-derived moisturizer), Ethylhexylglycerin(Emollient), Verbena officinalis extract, Chamomilla recutita flower extract, Menthol(Skin refreshing agent), Disodium EDTA(Stabilizer), *Citronellol(Ingredient in orange oil), *Geraniol(Ingredient in orange oil), *Linalool(Ingredient in rosemary oil), *Limonene(Ingredient in rosemary oil) *Naturally found in essential oils"
51,The Saem - Honey Oatmeal Lip Scrub - 7ml,"Exfoliator Type: Physical


Product Unit: 7ml


Skin Type: Combination, Dry, Normal, Oily


Skin Concern: Dryness/ Hydration",[]
52,"Dear, Klairs - Gentle Black Sugar Facial Polish","Cruelty Free: Yes


Exfoliator Type: Physical


Product Unit: 110g


Skin Type: Combination, Dry, Normal, Oily


Skin Concern: Acne, Blackheads","Caprylic/Capric Triglyceride, Black Strap Powder, Cetylethylexanoate, Petrolatum, Glycerin, Tocopheryl, Acetate, Candelilla Wax Esters, Butyrospermum Parkii (Shea Butter), PEG-7 Glyceryl Cocoate, Polysorbate 20, Microcrystalline Wax, Cetyl Alcohol, Glycyrrhiza Glabra (Licorice) Root Powder, Fragrance, Carapa Guaianensis Seed Oil, Vaccinium Macrocarpon (Cranberry) Seed Oil"
53,NEOGEN Dermalogy - Deep Clear Bright Calming Peeling Gel - 120ml,"Cruelty Free: Yes


Skin Type: Combination, Dry, Normal, Oily


Skin Concern: Dullness / Radiance",[]
54,primera - Facial Mild Peeling - 150ml,"Skin Type: Combination, Dry, Normal, Oily


Skin Concern: Irritation/ Calming","Water, Glycerin, Steartrimonium Methosulfate, Acrylates/C10-30 Alkyl Acrylate Crosspolymer,Isopropyl Alcohol, Fragrance / Parfum, Distearyldimonium Chloride, Cocamidopropyl Betaine, Butylene Glycol, Sodiumchloride, Brassica Oleracea Italica (Broccoli) Extract, Sodium Benzoate, Melia Azadirachta Extract, Phyllanthusemblica Extract, Fragaria Vesca (Strawberry) Leaf Extract, Helianthus Annuus (Sunflower) Extract, Brassica Oleraceagemmifera (Brussels Sprouts) Extract, Borago Officinalis Extract, Polyquaternium-51, Phenoxyethanol, Disodium Edta."
55,It's Skin - Mangowhite Peeling Gel - 120ml,"Exfoliator Type: Physical


Skin Type: Combination, Dry, Normal, Oily


Skin Concern: Dullness / Radiance",[]
56,NEOGEN Dermalogy - Real Cica Pad,"Cruelty Free: Yes


Product Unit: 90pc


Skin Type: Combination, Dry, Normal, Oily, Sensitive


Skin Concern: Dark Circles, Dryness/ Hydration","Water, Glycerin, Butylene Glycol, Centella Asiatica Extract, Dipropylene Glycol, 1,2-Hexanediol, Asiaticoside, Asiatic Acid, Madecassic Acid, Madecassoside, Lactobionic Acid, Gluconolactone, Hyaluronic Acid, Hydrolyzed Hyaluronic Acid, Sodium Hyaluronate, Octyldodecanol, Ceramide NP(Ceramide 3), Hydrogenated Lecithin, Caprylic/Capric Triglyceride, Allantoin, Betaine, Panthenol, Cetearyl Olivate, Sorbitan Olivate, Glyceryl Caprylate, Ethylhexylglycerin, Tromethamine, Acrylates/C10-30 Alkyl Acrylate Crosspolymer, Xanthan Gum, Propanediol, Diglycerin, Citrus Aurantium Bergamia (Bergamot) Fruit Oil, Disodium EDTA"
57,Belif - Mild and Effective Facial Scrub - 100ml,"Exfoliator Type: Physical


Skin Type: Combination, Normal, Oily


Skin Concern: Oil Control/ Pores",[]
58,NEOGEN Dermalogy - Bio - Peel Gauze Peeling Green Tea - Green Tea - 8 Pads - 8pcs,"Cruelty Free: Yes


Product Unit: 8pc


Skin Type: Combination, Dry, Normal, Oily


Skin Concern: Oil Control/ Pores",[]
59,Jigott - Premium Facial Peeling Gel No.Rice Bran- 180ml,"Skin Type: Combination, Dry, Normal, Oily


Skin Concern: Dryness/ Hydration, Irritation/ Calming, Sun Damage",[]
60,primera - Facial Intensive Peeling - 150ml,"Skin Type: Combination, Dry, Normal, Oily


Skin Concern: Dullness / Radiance",[]
61,NEOGEN Dermalogy - Bio - Peel Gauze Peeling Green Tea - Wine - 8 Pads - 8pcs,"Cruelty Free: Yes


Product Unit: 8pc


Skin Type: Combination, Dry, Normal, Oily


Skin Concern: Oil Control/ Pores","Water, Dipropylene Glycol, Vitis Vinifera (Grape) Fruit Water (5%), Glycerin, Diglycerin, 1,2-Hexanediol, Wine Extract (100ppm), Gardenia Jasminoides (Gardenia) Fruit Extract, Vitis Vinifera (Grape) Seed Extract, Hyaluronic Acid, Rubus Idaeus (Raspberry) Fruit Extract, Hydrolyzed Hyaluronic Acid, Vaccinium Angustifolium (Blueberry) Fruit Extract, Sodium Hyaluronate, Lactobionic Acid, Glyceryl Caprylate, Gluconolactone, Lavandula Angustifolia (Lavender) Oil, Citrus Aurantium Bergamia (Bergamot) Fruit Oil, Pelargonium Graveolens (Geranium) Flower Oil, Rose Flower Oil, Mentha Viridis (Spearmint) Leaf Oil, Chamomilla Recutita (Matricaria) Flower Oil, Octyldodeceth-16, Phenyl Trimethicone, Butylene Glycol, Ethylhexylglycerin, Tromethamine, Carbomer, Disodium EDTA"
62,TONYMOLY - Floria Brightening Peeling Gel,"Exfoliator Type: Chemical


Product Unit: 150ml


Skin Type: Combination, Dry, Normal, Oily


Skin Concern: Irritation/ Calming, Oil Control/ Pores, Sun Damage, Uneven Skin Tone, Whitening","Water, Glycerin, Quaternium-60, Propylene Glycol, Carbomer, Dipropylene Glycol, Pearl Powder, Glacier Water, Saccharomyces/Nelumbo Nucifera Ferment Extract Filtrate, Nelumbo Nucifera (Sacred Lotus) Flower Extract, Prunus Mume Fruit Extract, Ascorbic Acid, Butylene Glycol, Pentylene Glycol, Lactic Acid, Serine, Sodium Lactate, Sorbitol, Urea, Sodium Chloride, Caprylyl Glycol, 1,2-Hexanediol, Allantoin, Citric Acid, Disodium EDTA, Phenoxyethanol, Fragrance"
63,unpa - Bubi Bubi Lip Scrub - 12ml,"Exfoliator Type: Physical


Skin Type: Combination, Dry, Normal, Oily


Skin Concern: Dryness/ Hydration",[]
64,NEOGEN Dermalogy - Bio - Peel Gauze Peeling Green Tea - Lemon - 8 Pads - 8pcs,"Cruelty Free: Yes


Product Unit: 8pc


Skin Type: Combination, Dry, Normal, Oily


Skin Concern: Oil Control/ Pores",[]
65,Liberta - Shiro Waki Hime Armpits Whitening Cream - 18g,"Product Unit: 18g


Skin Type: Combination, Dry, Normal, Oily


Skin Concern: Dryness/ Hydration, Dullness / Radiance, Oil Control/ Pores",[]
66,HolikaHolika - Smooth Egg Skin Peeling Gel,"Skin Type: Combination, Dry, Normal, Oily


Skin Concern: Anti-aging/ Wrinkles, Dark Circles, Dryness/ Hydration, Irritation/ Calming","Water, Glycerin, Propylene Glycol, Quaternium-60, Carbomer, Glyceryl Polyacrylate, Vaccinium Myrtillus Fruit Extract, Saccharum Officinarum (Sugar Cane) Extract, Acer Saccharum (Sugar Maple) Extract, Citrus Aurantium Dulcis (Orange) Fruit Extract, Citrus Limon (Lemon) Fruit Extract, Dipropylene Glycol, Portuaca Oleracea Extract, Egg Yolk Extract, Hydrolyzed Egg Shell Membrane, Cellulose, 1,2-Hexanediol, Egg Shell Powder, Vinegar, Disodium Edta, Caprylyl Glycol, Caprylhydroxamic Acid, Phenoxyethanol, Fragrance"
67,Aritaum - Ginger Sugar Lip Scrub,Product Unit: 12g,"Petrolatum, Diisostearyl Malate, Sucrose, Microcrystalline Wax, Mineral Oil, Juglans Regia (Walnut) Shell Powder, Caprylyl Glycol, Ethylhexylglycerin, Tropolone, Citrus Aurantium Dulcis (Orange) Peel Oil, Butyrospermum Parkii (Shea) Butter, Olea Europaea (Olive) Fruit Oil, Simmondsia Chinensis (Jojoba) Seed Oil, Jojoba Esters, Tocopheryl Acetate, Zingiber Officinale (Ginger) Root Oil, Hippophae Rhamnoides (Sea Buckthorn) Oil"
68,The Face Shop - Smart Peeling Honey Black Sugar Scrub,"Exfoliator Type: Chemical


Skin Type: Combination, Dry, Normal, Oily


Skin Concern: Blackheads, Irritation/ Calming","Glycerin, Sucrose, Sodium Chloride, Isopropyl Myristate, Glycereth-26, Peg-32, Trihydroxystearin, Synthetic Beeswax, Polysorbate 80, Polyclyceryl-10 Behenate/Epicosadioate, Honey, Butylene Glycol, Carica Papaya (Papaya) Fruit Extract, Lecithin, Caramel, Carbomer, Triethanolamine, Parfum/Fragrance"
69,A'PIEU - Aqua Peeling Cotton Swab,"Product Unit: 3ml


Skin Type: Combination, Dry, Normal, Oily


Skin Concern: Sun Damage","Water, Aloe Barbadensis Leaf Extract, Lactic Acid, Sodium Citrate, Citric Acid, Dipropylene Glycol, Sodium Hydroxide, Butylene Glycol, Portulaca Oleracea Extract, Glycerin, PEG-60 Hydrogenated Castor Oil, 1,2-Hexanediol, Caprylyl Glycol, Illicium Verum (Anise) Fruit Extract, Glycolic Acid, Citrus Limon (Lemon) Fruit Extract, Pyrus Malus (Apple) Fruit Extract, Citrus Aurantium Dulcis (Orange) Fruit Extract, Sodium Hyaluronate, Hydrolyzed Collagen, Phenoxyethanol, Salicylic Acid, Disodium EDTA, Fragrance"
70,THE FACE SHOP - fmgt Lip Scrub - 10g,"Skin Type: Combination, Dry, Normal, Oily","Water, Glycerin, Cetearyl Alcohol, Macadamia Ternifolia (Macadamia) Seed Oil, Propanediol, Phytosteryl/Isostearyl/Cetyl/Stearyl/Behenyl Dimer Dilinoleate, Butyrospermum Parkii (Shea) Butter, Caprylic/Capric Triglyceride, Dimethicone, Dipentaerythrityl Hexa C5-9 Acid Esters, Juglans Regia (Walnut) Shell Powder, 1,2-Hexanediol, Glyceryl Stearate, Dipentaerythrityl Hexahydroxystearate/Hexastearate/Hexarosinate, Betaine, Synthetic Beeswax, PEG-100 Stearate, Silica, Polyglyceryl-3 Methylglucose Distearate, Ammonium Acryloyldimethyltaurate/VP Copolymer, Disodium EDTA, Fragrance"
71,Holika Holika - Sparkling Lemon Peeling Gel - 150ml,"Skin Type: Combination, Dry, Normal, Oily


Skin Concern: Dullness / Radiance, Oil Control/ Pores",[]
72,The Face Shop - Smart Peeling White Jewel,"Exfoliator Type: Chemical


Skin Type: Combination, Dry, Normal, Oily


Skin Concern: Sun Damage",[]
73,Utena - Everish Scrub Wash White Clay,"Cruelty Free: Yes


Product Unit: 120g


Skin Type: Combination, Dry, Normal, Oily, Sensitive


Skin Concern: Dark Circles",[]
74,MISSHA - Super Aqua Ultra Hyalron Peeling Gel,"Skin Type: Combination, Dry, Normal, Oily


Skin Concern: Acne, Dryness/ Hydration, Oil Control/ Pores, Uneven Skin Tone",[]
75,ENPRANI - Daysys - Royal Bee Essential Honey Peeling Gel - 150ml,"Skin Type: Combination, Dry, Normal, Oily


Skin Concern: Oil Control/ Pores",[]
76,SKIN79 - Ceranolin Peeling Toner - 130ml,"Product Unit: 130ml


Skin Type: Combination, Dry, Normal, Oily, Sensitive


Skin Concern: Dryness/ Hydration, Uneven Skin Tone, Whitening",[]
77,B-LAB - I Am Sorry Just Cleansing Peeling Gel - 100ml,"Exfoliator Type: Physical


Product Unit: 100ml


Skin Type: Combination, Dry, Normal, Oily


Skin Concern: Oil Control/ Pores",[]
78,BEIGIC - Correcting Exfoliator - 70ml,"Cruelty Free: Yes


Skin Type: Combination, Dry, Normal, Oily


Skin Concern: Dryness/ Hydration, Dullness / Radiance, Irritation/ Calming",[]
79,NATURE REPUBLIC - Super Aqua Max Soft Peeling Gel,"Exfoliator Type: Chemical


Skin Type: Combination, Dry, Normal, Oily


Skin Concern: Dryness/ Hydration, Sun Damage, Uneven Skin Tone",[]
80,Jigott - Premium Facial Peeling Gel No.Black Snail- 180ml,"Skin Type: Combination, Dry, Normal, Oily


Skin Concern: Dryness/ Hydration, Irritation/ Calming",[]
81,Sidmool - Green Tea Pureskin Peeling Gel - 120ml,"Cruelty Free: Yes


Skin Type: Combination, Dry, Normal, Oily


Skin Concern: Dullness / Radiance, Oil Control/ Pores",[]
82,The YEON - Vita 7 Energy Peeling Gel - 100ml,"Exfoliator Type: Chemical


Skin Type: Combination, Dry, Normal, Oily, Sensitive


Skin Concern: Oil Control/ Pores",[]
83,Rohto Mentholatum - Acnes Medicated Dual Action Scrub,"Exfoliator Type: Physical


Product Unit: 100g


Skin Type: Oily, Sensitive


Skin Concern: Acne, Blackheads, Dark Circles, Dryness/ Hydration",[]
84,3W Clinic - Collagen Crystal Peeling Gel - 180ml,"Skin Type: Combination, Dry, Normal, Oily


Skin Concern: Dryness/ Hydration, Irritation/ Calming, Sun Damage",[]
85,KLAVUU - Pure Pearlsation Revitalizing Intensive Peeling Gel - 80ml,"Exfoliator Type: Physical


Skin Type: Combination, Dry, Normal, Oily


Skin Concern: Blackheads, Dullness / Radiance, Oil Control/ Pores",[]
86,ENPRANI - Moist Peeling Gel - 120ml,"Product Unit: 120ml


Skin Type: Combination, Dry, Normal, Oily


Skin Concern: Dryness/ Hydration, Dullness / Radiance",[]
87,3W Clinic - Placenta Soft Peeling Gel -180ml,"Skin Type: Combination, Dry, Normal, Oily


Skin Concern: Anti-aging/ Wrinkles, Dryness/ Hydration, Dullness / Radiance",[]
88,BY ECOM - Pure Calming Peeling Gel - 110ml,"Exfoliator Type: Physical


Skin Type: Combination, Dry, Normal, Oily, Sensitive


Skin Concern: Irritation/ Calming, Oil Control/ Pores",[]
89,JAYJUN - Gold Snow Refreshing Peeling Gel - 120ml,"Skin Type: Combination, Dry, Normal, Oily


Skin Concern: Acne, Blackheads, Whitening","Water, Glycerin, Steartrimonium Methosulfate, 1,2-Hexanediol, Pentylene Glycol, Acrylates/C10-30 Alkyl Acrylate Crosspolymer, Isopropyl Alcohol, Quaternium-18, Aloe Barbadensis Leaf Extract, Propanediol, Butylene Glycol, Gold(120ppm), Propolis Extract, Platycodon Grandiflorum Root Extract, Nelumbo Nucifera Seed Extract, Lonicera Japonica (Honeysuckle) Flower Extract, Forsythia Suspensa Fruit Extract, Centella Asiatica Extract, Arctium Lappa Seed Extract, Anemarrhena Asphodeloides Root Extract, Rubus Idaeus (Raspberry) Fruit Extract, Psidium Guajava Fruit Extract, Prunus Persica (Peach) Fruit Extract, Prunus Armeniaca (Apricot) Fruit Extract, Passiflora Incarnata Fruit Extract, Mangifera Indica (Mango) Fruit Extract, Fragaria Vesca (Strawberry) Fruit Extract, Citrus Grandis (Grapefruit) Fruit Extract, Veronica Officinalis Extract, Primula Veris Extract, Mentha Piperita (Peppermint) Leaf Extract, Melissa Officinalis Leaf Extract, Malva Sylvestris (Mallow) Extract, Alchemilla Vulgaris Extract, Achillea Millefolium Extract, Dipeptide Diaminobutyroyl Benzylamide Diacetate, Acetyl Hexapeptide-8, Alcohol Denat., Glycolic Acid, Lactic Acid, Citric Acid, Mandelic Acid, Disodium EDTA, Fragrance"
90,Jigott - Premium Facial Peeling Gel No.Pomegranate- 180ml,"Skin Type: Combination, Dry, Normal, Oily


Skin Concern: Dryness/ Hydration, Irritation/ Calming",[]
91,2NDESIGN - Springy Peeling Gel Tone Up Boost - 120ml,"Skin Type: Combination, Dry, Normal, Oily


Skin Concern: Anti-aging/ Wrinkles, Dryness/ Hydration, Dullness / Radiance, Oil Control/ Pores",[]
92,NATURE REPUBLIC - Real Nature Cranberry Peeling Gel - 120ml,"Product Unit: 120ml


Skin Type: Combination, Dry, Normal, Oily


Skin Concern: Dryness/ Hydration, Dullness / Radiance",[]
93,CAOLION - Magic Black Powder Massage Peeling Gel - 100ml,"Cruelty Free: Yes


Skin Type: Combination, Dry, Normal, Oily


Skin Concern: Dryness/ Hydration","Water, Dipropylene Glycol, Propylene Glycol, Alcohol Denat, Centella Asiatica Extract, Scutellaria Baicalensis Root Extract, Anthemis Nobilis Flower Extract, Camellia Sinensis Leaf Extract, Ilex Paraguariensis Leaf Extract, Lavandula Angustifolia(Lavander) Flower Extract, Hamamelis Virginiana(Witch Hazel) Leaf Extract, Citrus Aurantium Dulcis(Orange) Fruit Extract, Citrus Limon(Lemon) Fruit Extract, Citrus Junos Fruit Extract, Actinidia Chinensis(Kiwi) Fruit Extract, Trehalose, Allantoin, 1,2-Hexanediol, Butylene Glycol, Glyceryl Caprylate, Ethylhexlyglycerin, Tromethamine, Carbomer, Disodium EDTA, PEG-40 Hydrogenated Castor Oil, Trideceth-9, Styrene/Acrylates Copolymer, Carbon, Gluconolactone, Fragrance"
94,Dr. Oracle - 21;STAY A-Thera Peeling Stick - 10pcs,"Cruelty Free: Yes


Exfoliator Type: Chemical


Skin Type: Combination, Dry, Normal, Oily, Sensitive","Bambusa vulgaris water, water, propanediol, lactic acid, alcohol, glycolic acid, glycerin, arginine, butylene glycol, sodium citrate, erythritol, tremella fuciformis extract, melaleuca alternifolia (tea tree) leaf extract, citrus limon (lemon) fruit extract, pyrus malus (apple) fruit extract, psidium guajava fruit extract, gaultheria procumbens (wintergreen) leaf extract, disodium edta, peg-75, xanthan gum, peg-60 hydrogenated castor oil, 1,2-hexanediol, chlorphenesin, mentha piperita (peppermint) oil."
95,Wish Formula - C450 Bubble Peeling Pad - 1pack (4pcs),"Skin Type: Combination, Dry, Normal, Oily


Skin Concern: Blackheads, Dullness / Radiance, Oil Control/ Pores",[]
96,ISOI - Bulgarian Rose Intensive Sugar Scrub Lip And Face - 60g,"Skin Type: Combination, Dry, Normal, Oily


Skin Concern: Dryness/ Hydration, Dullness / Radiance","Glycerin, Sucrose, Water, Macadamia Ternifolia Seed Oil, Olea Europaea (Olive) Fruit Oil, Rosa Damascena Flower Water, Theobroma Cacao (Cocoa) Seed Butter, Simmondsia Chinensis (Jojoba) Seed Oil, Arachidyl Alcohol, Rhus Semialata Gall Extract, Behenyl Alcohol, Olea Europaea (Olive) Leaf Extract, Chrysanthemum Indicum Flower Extract, Sophora Japonica Bud Extract, Prunella Vulgaris Leaf Extract, Arachidyl Glucoside, Castanea Crenata (Chestnut) Shell Extract, Salix Alba (Willow) Bark Extract, Centella Asiatica Extract, Glycyrrhiza Glabra (Licorice) Root Extract, Theobroma Cacao (Cocoa) Seed Extract, Rosa Damascena Flower Oil, Scutellaria Baicalensis Root Extract, Paeonia Suffruticosa Root Extract"
97,3W Clinic - Snail Mucus Peeling Gel -180ml,"Skin Type: Combination, Dry, Normal, Oily


Skin Concern: Anti-aging/ Wrinkles, Dryness/ Hydration, Irritation/ Calming",[]
98,2SOL - Duna Smooth AHA - 100ml,"Skin Type: Combination, Dry, Normal, Oily


Skin Concern: Dryness/ Hydration",[]
99,JUSO - Nakunare Juso Kuro Pack Black Baking Soda - 50g,"Product Unit: 50g


Skin Type: Combination, Dry, Normal, Oily, Sensitive


Skin Concern: Uneven Skin Tone, Whitening",[]
100,Sur.Medic - Deep Clear Bright Calming Peeling Gel - 120ml,"Skin Type: Combination, Dry, Normal, Oily, Sensitive


Skin Concern: Dullness / Radiance",[]
101,Rosette - Gommage Peeling Gel,"Exfoliator Type: Chemical


Product Unit: 120g


Skin Concern: Blackheads, Dryness/ Hydration",[]
102,BIO-ESSENCE - Bio-Renew Exfoliating Gel (Oil Control) - 60g,"Exfoliator Type: Physical


Skin Type: Combination, Dry, Normal, Oily


Skin Concern: Oil Control/ Pores",[]
103,double dare - OMG! Pulling Gel - 30g,"Exfoliator Type: Chemical


Skin Type: Combination, Dry, Normal, Oily


Skin Concern: Dullness / Radiance, Oil Control/ Pores","Glycerin, Polyglyceryl-10 Laurate, Zeolite, Fragaria Vesca (Strawberry) Seed, 1,2-Hexanediol, Carica Papaya (Papaya) Fruit Extract, Simmondsia Chinensis (Jojoba) Seed Oil, Sodium Hyaluronate, Ascorbic Acid, Charcoal Powder, Glycolic Acid, Polyacrylamide, C13-14 Isoparaffin, Vanillyl Butyl Ether, Laureth-7, Fragrance, Butylene Glycol, Alcohol, Phenoxyethanol, Ethylhexylglycerin, Disodium Edta, Water"
104,Liberta - Tsubuporon Night Patch - 20g,"Product Unit: 20g


Skin Type: Combination, Dry, Normal, Oily",[]
105,Dr.Morita - Pearl Facial Scrub - 130ml,"Skin Type: Combination, Dry, Normal, Oily


Skin Concern: Dryness/ Hydration, Oil Control/ Pores, Uneven Skin Tone",[]
106,Rohto Mentholatum - OC Triple-Action Scrub Wash - 100g,"Product Unit: 100g


Skin Type: Combination, Dry, Normal, Oily, Sensitive


Skin Concern: Dryness/ Hydration, Oil Control/ Pores",[]
107,Dr.Ceuracle - Medicare Soap - 110g,"Skin Type: Combination, Dry, Normal, Oily


Skin Concern: Dryness/ Hydration, Dullness / Radiance, Irritation/ Calming",[]
108,Liberta - Slinky Touch Self Spa Face Peel Off Pack - 60g,"Skin Type: Combination, Dry, Normal, Oily


Skin Concern: Dullness / Radiance, Oil Control/ Pores",[]
109,3W Clinic - Collagen White Peeling Gel,Skin Concern: Blackheads,"hydrolyzed collagen, aloe extract and papaya extract"
110,HolikaHolika - Pig-nose Clear Black Head Cleansing Sugar Scrub,"Exfoliator Type: Physical


Skin Type: Combination, Dry, Normal, Oily


Skin Concern: Blackheads, Irritation/ Calming, Sun Damage","Sucrose, Petrolatum, PEG-7 Glyceryl Cocoate, Glycerin, Microcrystalline Wax, Isododecane, Mineral Oil, Sorbitol, Sorbitan Sesquioleate, Polyethylene, Cetyl Alcohol, Trihydroxystearin, PEG-23 Stearate, Ceteareth-20, Oleth-5, Disteardimonium Hectorite, Polysorbate 20, Phenoxyethanol, Methylparaben, Fragrance(Parfum), Propylene Carbonate, Moroccan Lava Clay, Kaolin,Aloe Barbadensis Leaf Juice, Water, Citrus Medica Limonum (Lemon) Fruit Extract, Potassium Sorbate, Sodium Benzoate, Butylparaben, Ethylparaben, Isobutylparaben, Propylparaben"
111,ENPRANI - Dust Shield Moist Peeling Gel - 200ml,"Skin Type: Combination, Dry, Normal, Oily


Skin Concern: Dryness/ Hydration, Dullness / Radiance, Oil Control/ Pores",[]
112,ISA KNOX - Turn Over 28 Advanced Hydro Peeling Gel -120ml,"Skin Type: Combination, Dry, Normal, Oily


Skin Concern: Acne, Irritation/ Calming",[]
113,Lirikos - Facial Eraser Mild Peeling Gel - 150ml,"Skin Type: Combination, Dry, Normal, Oily",[]
114,Elizavecca - Hell Pore Vitamin Peeling Gel,"Cruelty Free: Yes


Exfoliator Type: Chemical


Product Unit: 150ml


Skin Type: Combination, Dry, Normal, Oily


Skin Concern: Dryness/ Hydration, Irritation/ Calming, Sun Damage",[]
115,Mamonde - Aqua Peel Peeling Gel - 100ml,"Skin Type: Combination, Dry, Normal, Oily


Skin Concern: Dryness/ Hydration, Irritation/ Calming",[]
116,IASO - Triple Action White Peeling Gel - 150g,"Skin Type: Combination, Dry, Normal, Oily


Skin Concern: Oil Control/ Pores",[]
117,DEOPROCE - Cleanbello Collagen Essential Clean & Deep Peeling Vegetal - 170g,"Exfoliator Type: Physical


Skin Type: Combination, Dry, Normal, Oily


Skin Concern: Oil Control/ Pores",[]
118,Atomy - Peeling Gel - 120ml,"Skin Type: Combination, Dry, Normal, Oily, Sensitive


Skin Concern: Dryness/ Hydration, Dullness / Radiance",[]
119,Aestura - AtoBarrier 365 Peeling Gel - 150ml,"Skin Type: Combination, Dry, Normal, Oily


Skin Concern: Dryness/ Hydration, Dullness / Radiance, Oil Control/ Pores",[]
120,Elizavecca - Milky Piggy Hell-Pore Perfect Wine Sparkling Peeling Pad,"Cruelty Free: Yes


Exfoliator Type: Chemical


Product Unit: 30pc


Skin Type: Combination, Dry, Normal, Oily


Skin Concern: Dryness/ Hydration, Irritation/ Calming",[]
121,ENPRANI - Natuer Be - Be the Natural Green Gram Soft Peeling Gel - 120ml,"Skin Type: Combination, Dry, Normal, Oily


Skin Concern: Anti-aging/ Wrinkles, Dryness/ Hydration, Dullness / Radiance",[]
122,SKIN79 - Jeju Aloe Aqua Peeling Gel - 100ml,"Product Unit: 100ml


Skin Type: Combination, Dry, Normal, Oily, Sensitive


Skin Concern: Uneven Skin Tone",[]
123,Belif - Stress Shooter - Cica Lip Sugar Scrub - 10g,"Skin Type: Combination, Dry, Normal, Oily",[]
124,The Saem - Cell Renew BIO Micro Peel Soft Gel,"Product Unit: 160ml


Skin Type: Combination, Dry, Normal, Oily


Skin Concern: Anti-aging/ Wrinkles, Dryness/ Hydration, Uneven Skin Tone","Water, Cellulose, SD Alcohol 40-B, Ceteareth-12, Butylene Glycol, Hibiscus Sabdariffa Flower Extract, Salix Alba (Willow) Bark Extract, Eryngium Maritimum Callus Culture Filtrate, Carbomer, Protease, 1,2 Hexanediol, Caprylyl Glycol, Tropolone, Nicotinoyl Dipeptide-23, Arginine, Saccharomyces, ydroxyethylcelluose, Glycerin, Potassium Sorbate, Disodium EDTA, Chlorphenesin, Phenoxyethanol, Fragrance"
125,Etude House - All Caring Eraser Pad,"Skin Type: Combination, Dry, Normal, Oily, Sensitive


Skin Concern: Blackheads, Dark Circles, Dryness/ Hydration","Water, Dipropylene Glycol, 1,2-Hexanediol, Butylene Glycol, Polyglyceryl-10 Laurate, Panthenol, Betaine Salicylate, Glyceryl Caprylate, Glycerin, Arginine, Centella Asiatica Extract, Allantoin, Ethylhexylglycerin, Disodium EDTA, Paeonia Suffruticosa Root Extract, Melaleuca Alternifolia (Tea Tree) Leaf Oil, Salix Alba (Willow) Bark Extract, Chamomilla Recutita (Matricaria) Flower Extract, Menthyl Lactate, Aloe Barbadensis Leaf Extract, Pantolactone, Hamamelis Virginiana (Witch Hazel) Leaf Extract, Madecassoside, Citrus Aurantifolia (Lime) Fruit Extract, Citrus Limon (Lemon) Fruit Extract, Pyrus Malus (Apple) Fruit Extract, Citrus Aurantium Dulcis (Orange) Fruit Extract, Vitis Vinifera (Grape) Fruit Extract, Melaleuca Alternifolia (Tea Tree) Leaf Extract"
126,Jigott - Premium Facial Peeling Gel No.Charcoal- 180ml,"Skin Type: Combination, Dry, Normal, Oily


Skin Concern: Dryness/ Hydration, Irritation/ Calming",[]
127,Koelcia - Lime Coke Peeling Gel - 120ml,"Skin Type: Combination, Dry, Normal, Oily


Skin Concern: Dryness/ Hydration, Oil Control/ Pores",[]
128,NATURE REPUBLIC - Green Derma Mild Peeling Gel - 150ml,"Product Unit: 150ml


Skin Type: Combination, Dry, Normal, Oily


Skin Concern: Dryness/ Hydration, Oil Control/ Pores, Uneven Skin Tone",[]
129,RA&GOWOORI - Real Kill 9.9 Honeylemon Gel Peeling - 160ml,"Skin Type: Combination, Dry, Normal, Oily


Skin Concern: Dryness/ Hydration, Oil Control/ Pores",[]
130,reduire - Refreshing Time Peeling Gel - 120ml,"Skin Type: Combination, Dry, Normal, Oily",[]
131,3W Clinic - Collagen Luxury Gold Peel Off Pack - 100g,"Skin Type: Combination, Dry, Normal, Oily


Skin Concern: Irritation/ Calming, Uneven Skin Tone",[]
132,NoTS - 28 Remedy Aqua Brightening Peeling Gel - 100ml,"Product Unit: 100ml


Skin Type: Combination, Dry, Normal


Skin Concern: Dryness/ Hydration, Irritation/ Calming",[]
133,3W Clinic - Seo Dam Han Panax Ginseng Vitalizing Peeling Gel -180ml,"Skin Type: Combination, Dry, Normal, Oily


Skin Concern: Acne, Dryness/ Hydration",[]
134,ILLIYOON - Skin Refresh Deep Scrub Foam - 120ml,"Skin Type: Combination, Dry, Normal, Oily, Sensitive


Skin Concern: Oil Control/ Pores",[]
135,Kao - Men's Biore Facial Wash Double Scrub - 100g,"Skin Type: Combination, Dry, Normal, Oily


Skin Concern: Dryness/ Hydration, Dullness / Radiance, Irritation/ Calming",[]
136,no info,no info,no info
137,Etude House - Vita C Talk Mild Peeling Gel - 100ml,"Product Unit: 100ml


Skin Type: Combination, Dry, Normal, Oily


Skin Concern: Acne, Blackheads, Uneven Skin Tone",[]
138,Atomy - Evening Care Peel Gel - 120ml,"Skin Type: Combination, Dry, Normal, Oily


Skin Concern: Oil Control/ Pores",[]
139,Rokkiss - Tea Tree Peeling Gel - 120ml,"Skin Type: Combination, Dry, Normal, Oily


Skin Concern: Dryness/ Hydration, Oil Control/ Pores",[]
140,DHC - DHC For Men Scrub Face Wash - 140g,"Cruelty Free: Yes


Exfoliator Type: Physical


Skin Type: Combination, Dry, Normal, Oily


Skin Concern: Acne",[]
141,A'PIEU - Goblin Blackhead Scrub Stick,"Exfoliator Type: Physical


Product Unit: 14g",[]
142,Liberta - Tsubuporon Peeling Gel EX - 8g,"Product Unit: 8g


Skin Type: Combination, Dry, Normal, Oily


Skin Concern: Blackheads",[]
143,brilliant colors - MEISHOKU - DETCLEAR Bright & Peel Hot Peeling Jelly - 180g,"Product Unit: 180ml


Skin Type: Combination, Dry, Normal, Oily


Skin Concern: Dryness/ Hydration, Dullness / Radiance, Oil Control/ Pores",[]
144,Ishizawa-Lab - Keana - Baking Soda Moist Peeling - 200ml,"Product Unit: 200ml


Skin Type: Combination, Dry, Normal, Oily


Skin Concern: Dryness/ Hydration, Dullness / Radiance, Uneven Skin Tone",[]
145,no info,no info,no info
146,Liberta - Onwakan Hot Blackhead Gel - 30g,"Skin Type: Combination, Dry, Normal, Oily


Skin Concern: Blackheads, Dryness/ Hydration","Glycerin, water, glyceres-26, (Acrylate / steares itaconate-20) copolymer, coconut oil fatty acid PEG-7 glyceryl, triisostearate PEG-20 glyceryl, karatouki root extract, BG, glycylglycine, citrus root extract, waste Root extract, Yomogi leaf extract, Hatomugi seed extract, Methyl hesperidin, Na chondroitin sulfate, Acetylglucosamine, papaine, Lepagermanium, Hiramame seed extract, Enantia chloranta bark extract, Soy isoflavone, Neubara fruit extract, Itadori root extract, Pueraria Mirifica root extract, Senkyu root stem extract, Otaneninjin root extract, American ginger root extract, Pomegranate extract, Ethylhexyl glycerin, Arch choke leaf extract, Oleanolic acid, Akatsumexa flower extract, PEG-20 glyceryl isostearate, TEA, Dextrin, Phenoxyethanol, Charcoal, Fragrance"
147,Shiseido - Uno - Whip Wash Scrub,"Exfoliator Type: Physical


Product Unit: 130g


Skin Type: Combination, Dry, Normal, Oily, Sensitive",[]
148,Dr.G - Crystal Deep Peeling - 120g,"Skin Type: Combination, Dry, Normal, Oily


Skin Concern: Dullness / Radiance, Uneven Skin Tone",[]
149,BEYOND - E.Z. Peeling Facial Scrub - 100ml,"Cruelty Free: Yes


Skin Type: Combination, Dry, Normal, Oily


Skin Concern: Acne, Dryness/ Hydration",[]
150,MEFACTORY - Super Brightening Peeling Gel - 105ml,"Product Unit: 105ml


Skin Type: Combination, Dry, Normal, Oily, Sensitive


Skin Concern: Oil Control/ Pores, Whitening",[]
151,Hatherine - Deep Clean Peel Off Pack - 170g,"Skin Type: Combination, Dry, Normal, Oily


Skin Concern: Oil Control/ Pores",[]
152,Dr. Oracle - 21;STAY A-Thera Peeling Stick - 1pc,"Cruelty Free: Yes


Skin Type: Combination, Dry, Normal, Oily, Sensitive


Skin Concern: Blackheads",[]
153,MISSHA - Skin Peeling Pad,"Skin Type: Combination, Dry, Normal, Oily


Skin Concern: Sun Damage, Uneven Skin Tone","Water, Dipropylene Glycol, Cellulose, Alcohol , Propylene Glycol, Quaternium-60, Carbomer, Glycerin , Butylene Glycol, Lactic Acid, Glycolic Acid, PEG-7 Glyceryl Cocoate, PEG-20 Glyceryl Triisostearate, PEG-60 Hydrogenated Castor Oil, Phenoxyethanol, Ethyl Hexanediol, Pyrus Malus (Apple) Fruit Extract, Salix Alba (Willow) Bark Extract√Ç , Ananas Sativus (Pineapple) Fruit Extract, Citrus Paradisi (Grapefruit) Fruit Extract , Citrus Limon (Lemon) Fruit Extract , Milk Extract, Ethylhexylglycerin, 1,2-Hexanediol, Disodium EDTA , Citrus Aurantifolia (Lime) Oil , Citrus Grandis (Grapefruit) Peel Oil, Citrus Limon (Lemon) Peel Oil"
154,NATURE REPUBLIC - Super Aqua Max Soft Peeling Gel - 155ml,"Exfoliator Type: Chemical


Skin Type: Combination, Dry, Normal, Oily


Skin Concern: Sun Damage",[]
155,23yearsold - Badecasil Peeling Treatment - 140ml,"Skin Type: Combination, Dry, Normal, Oily


Skin Concern: Dryness/ Hydration, Irritation/ Calming",[]
156,NEOGEN Dermalogy - Real Polish Honey & Sugar - 100g,"Cruelty Free: Yes


Skin Type: Combination, Dry, Normal, Oily


Skin Concern: Dryness/ Hydration, Irritation/ Calming","Sucrose (27%), Glycerin, Caprylic/Capric Triglyceride, Dicaprylyl Carbonate, PEG-7 Glyceryl Cocoate, Disteardimonium Hectorite, Euphorbia Cerifera (Candelilla) Wax, Xylose, 1,2-Hexanediol, Water, Propolis Extract, Honey Extract (0.01ppm), Polyacrylamide, Dextrin, C13-14 Isoparaffin, Citrus Aurantium Dulcis (Orange) Peel Oil, Theobroma Cacao (Cocoa) Extract, Litsea Cubeba (May Chang) Oil, Maltodextrin, Ethylhexylglycerin, Citrus Aurantium Bergamia (Bergamot) Fruit Oil, Pelargonium Graveolens (Geranium) Flower Oil, Laureth-7, Lavandula Angustifolia (Lavender) Oil, Melaleuca Alternifolia (Tea Tree) Leaf Oil, Camellia Japonica Seed Oil, Mangifera Indica (Mango) Seed Oil, Limnanthes Alba (Meadowfoam) Seed Oil, Olea Europaea (Olive) Fruit Oil, Tocopheryl Acetate, Vitis Vinifera (Grape) Seed Oil, Citrus Aurantifolia (Lime) Oil, Eugenia Caryophyllus (Clove) Leaf Oil, Cinnamomum Camphora (Camphor) Bark Oil, Butylene Glycol, Pearl Extract"
157,DeARANCHY - Purifying Black Sugar Spa Peel - 100ml,"Exfoliator Type: Physical


Skin Type: Combination, Dry, Normal, Oily


Skin Concern: Oil Control/ Pores",[]
